course,year,runs,wins,avg_field,median_winner_bsp
AINTREE,2025,281,35,9.3,5.2
AINTREE,2026,380,29,17.3,6.8
ASCOT,2022,1043,83,16.0,7.2
ASCOT,2023,1028,82,15.9,8.1
ASCOT,2024,1043,82,16.2,6.2
ASCOT,2025,1773,157,14.1,6.2
ASCOT,2026,1395,75,11.4,4.9
AYR,2022,972,103,11.1,5.6
AYR,2023,912,102,10.5,6.2
AYR,2024,831,91,10.7,6.0
AYR,2025,1337,143,10.8,4.6
AYR,2026,1263,140,10.1,5.1
BALLINROBE,2025,714,67,11.6,6.0
BALLINROBE,2026,665,59,12.3,5.5
BANGOR-ON-DEE,2025,376,52,8.0,4.2
BANGOR-ON-DEE,2026,368,47,8.6,4.5
BATH,2022,455,56,9.0,6.5
BATH,2023,927,100,10.4,5.7
BATH,2024,947,102,10.2,5.7
BATH,2025,1089,127,9.3,5.4
BATH,2026,1243,101,9.3,5.1
BELLEWSTOWN,2025,574,51,12.2,5.7
BELLEWSTOWN,2026,647,43,13.5,8.5
BEVERLEY,2022,678,75,9.8,4.9
BEVERLEY,2023,785,83,10.1,5.5
BEVERLEY,2024,689,75,9.8,4.7
BEVERLEY,2025,999,122,9.0,4.9
BEVERLEY,2026,962,97,9.2,5.5
BRIGHTON,2022,768,106,8.2,5.0
BRIGHTON,2023,742,104,7.9,4.5
BRIGHTON,2024,815,109,8.2,4.5
BRIGHTON,2025,1062,140,8.4,5.5
BRIGHTON,2026,505,70,8.1,5.0
CARLISLE,2022,643,71,9.6,6.1
CARLISLE,2023,531,60,9.4,6.9
CARLISLE,2024,537,61,9.5,6.4
CARLISLE,2025,1075,121,9.8,5.0
CARLISLE,2026,950,113,9.2,4.9
CARTMEL,2025,516,61,8.9,4.8
CARTMEL,2026,368,47,8.7,4.3
CATTERICK,2022,799,89,9.8,5.4
CATTERICK,2023,743,85,9.4,6.0
CATTERICK,2024,806,92,9.4,6.3
CATTERICK,2025,1077,126,9.2,4.7
CATTERICK,2026,1058,121,8.6,4.8
CHELMSFORD,2022,2052,228,9.6,5.4
CHELMSFORD,2023,2159,249,9.3,5.7
CHELMSFORD,2024,2063,228,9.7,5.8
CHELMSFORD,2025,2448,285,9.5,5.0
CHELMSFORD,2026,680,90,8.1,5.1
CHELTENHAM,2025,570,54,12.1,7.6
CHELTENHAM,2026,600,43,17.3,8.6
CHEPSTOW,2022,695,86,9.1,4.5
CHEPSTOW,2023,566,65,9.4,6.5
CHEPSTOW,2024,589,74,8.8,5.2
CHEPSTOW,2025,1324,154,9.5,4.9
CHEPSTOW,2026,1106,140,8.8,4.6
CHESTER,2022,433,53,9.0,3.8
CHESTER,2023,473,55,9.2,6.3
CHESTER,2024,538,61,9.5,6.1
CHESTER,2025,1007,109,9.6,5.6
CHESTER,2026,792,87,9.6,5.4
CLONMEL,2025,561,51,12.3,5.8
CLONMEL,2026,607,50,13.4,5.2
CORK,2025,1294,106,14.0,5.4
CORK,2026,1241,103,13.6,5.4
CURRAGH,2025,2185,168,15.4,7.2
CURRAGH,2026,1583,131,14.3,7.4
DONCASTER,2022,1230,128,11.1,6.2
DONCASTER,2023,1161,112,11.7,5.8
DONCASTER,2024,1317,130,11.3,5.7
DONCASTER,2025,2120,222,11.3,5.9
DONCASTER,2026,1522,167,10.5,5.1
DOWNPATRICK,2025,548,63,9.6,5.1
DOWN ROYAL,2025,862,80,12.3,5.4
DOWN ROYAL,2026,268,22,14.1,7.4
DUNDALK,2025,2212,183,12.5,6.4
DUNDALK,2026,1708,158,11.5,5.8
EPSOM,2022,259,30,9.9,5.1
EPSOM,2023,266,31,9.6,7.6
EPSOM,2024,260,28,10.5,6.2
EPSOM,2025,555,67,9.4,4.6
EPSOM DOWNS,2026,413,47,10.4,11.3
EXETER,2025,312,39,9.6,5.3
EXETER,2026,400,48,9.8,5.5
FAIRYHOUSE,2025,988,83,13.6,5.5
FAIRYHOUSE,2026,1199,98,14.4,6.4
FAKENHAM,2025,171,32,5.7,4.1
FAKENHAM,2026,251,46,6.0,3.6
FFOS LAS,2022,317,43,8.4,5.3
FFOS LAS,2023,220,32,7.8,4.9
FFOS LAS,2024,241,39,6.9,4.1
FFOS LAS,2025,929,129,8.1,4.6
FFOS LAS,2026,957,129,8.1,4.8
FONTWELL,2025,653,91,7.8,4.5
FONTWELL,2026,465,63,8.3,4.6
GALWAY,2025,1292,100,14.6,8.6
GOODWOOD,2022,696,74,11.1,6.3
GOODWOOD,2023,680,76,10.6,5.8
GOODWOOD,2024,726,79,10.8,5.8
GOODWOOD,2025,1265,135,10.9,6.0
GOODWOOD,2026,952,90,12.5,5.1
GOWRAN PARK,2025,1077,92,12.8,5.5
GOWRAN PARK,2026,1057,96,12.2,6.3
HAMILTON,2022,486,63,8.6,5.4
HAMILTON,2023,460,64,8.1,4.3
HAMILTON,2024,465,62,8.3,5.9
HAMILTON,2025,958,128,8.5,4.6
HAMILTON,2026,868,98,8.6,4.8
HAYDOCK,2022,972,111,9.8,6.0
HAYDOCK,2023,918,106,9.4,6.0
HAYDOCK,2024,896,106,9.4,5.9
HAYDOCK,2025,1587,180,9.7,5.4
HAYDOCK,2026,815,81,10.1,5.3
HEREFORD,2025,392,47,9.4,4.4
HEREFORD,2026,545,73,8.6,4.4
HEXHAM,2025,597,74,8.9,5.0
HEXHAM,2026,490,56,9.5,5.0
HUNTINGDON,2025,455,59,8.9,4.1
HUNTINGDON,2026,463,66,8.3,4.7
KELSO,2025,459,59,8.5,4.3
KELSO,2026,412,52,9.0,4.6
KEMPTON,2022,3014,306,10.5,5.0
KEMPTON,2023,3149,312,10.6,5.5
KEMPTON,2024,3302,336,10.5,5.3
KEMPTON,2025,3952,424,10.1,5.1
KEMPTON,2026,2582,278,9.9,5.1
KILBEGGAN,2025,654,59,12.1,5.7
KILBEGGAN,2026,705,59,12.8,5.4
KILLARNEY,2025,905,96,10.6,4.8
KILLARNEY,2026,861,81,11.5,4.3
LEICESTER,2022,774,92,9.3,4.9
LEICESTER,2023,775,90,9.7,6.7
LEICESTER,2024,675,78,9.4,5.8
LEICESTER,2025,1317,158,9.2,5.1
LEICESTER,2026,904,113,8.7,4.5
LEOPARDSTOWN,2025,1456,127,13.4,5.9
LEOPARDSTOWN,2026,1277,118,12.6,5.3
LIMERICK,2025,959,86,12.4,6.6
LIMERICK,2026,986,92,12.1,4.8
LINGFIELD,2022,2684,315,9.1,5.0
LINGFIELD,2023,2699,309,9.2,5.3
LINGFIELD,2024,2417,287,9.1,4.9
LINGFIELD,2025,3426,421,8.9,4.6
LINGFIELD,2026,3473,416,8.8,4.9
LISTOWEL,2025,891,72,13.7,5.9
LISTOWEL,2026,217,21,11.5,4.1
LUDLOW,2025,302,46,8.0,4.6
LUDLOW,2026,403,51,8.7,4.6
MARKET RASEN,2025,623,86,7.9,4.1
MARKET RASEN,2026,640,87,8.0,4.3
MUSSELBURGH,2022,576,74,8.7,4.5
MUSSELBURGH,2023,643,78,9.0,5.4
MUSSELBURGH,2024,597,73,8.9,5.4
MUSSELBURGH,2025,1003,126,8.7,5.5
MUSSELBURGH,2026,1067,120,8.6,5.5
NAAS,2025,1096,91,13.7,7.2
NAAS,2026,1157,109,12.6,5.3
NAVAN,2025,1168,91,14.8,6.0
NAVAN,2026,806,74,12.8,5.8
NEWBURY,2022,912,89,11.7,5.9
NEWBURY,2023,762,77,10.8,7.2
NEWBURY,2024,881,85,11.5,6.8
NEWBURY,2025,1600,164,10.8,6.4
NEWBURY,2026,1418,149,11.3,4.7
NEWCASTLE,2022,2785,304,10.2,5.6
NEWCASTLE,2023,3472,367,10.0,6.9
NEWCASTLE,2024,4148,435,10.1,5.9
NEWCASTLE,2025,5011,568,9.7,5.4
NEWCASTLE,2026,3716,318,10.3,5.6
NEWMARKET,2022,1646,198,9.8,4.8
NEWMARKET,2023,1881,195,10.7,6.1
NEWMARKET,2024,1706,182,10.5,5.3
NEWMARKET,2025,1940,218,10.0,5.4
NEWMARKET,2026,1724,195,9.3,5.3
NEWMARKET (JULY),2025,880,111,8.8,5.1
NEWTON ABBOT,2025,657,103,7.2,3.6
NEWTON ABBOT,2026,544,83,7.6,4.0
NOTTINGHAM,2022,461,55,9.3,5.6
NOTTINGHAM,2023,437,55,8.6,5.1
NOTTINGHAM,2024,440,50,9.5,6.3
NOTTINGHAM,2025,1018,124,8.9,5.2
NOTTINGHAM,2026,960,120,8.5,4.9
PERTH,2025,530,67,8.6,4.5
PERTH,2026,516,65,8.8,5.1
PLUMPTON,2025,296,48,6.8,4.6
PLUMPTON,2026,458,63,7.6,3.7
PONTEFRACT,2022,733,81,10.1,6.2
PONTEFRACT,2023,638,70,9.8,6.0
PONTEFRACT,2024,632,74,9.2,5.1
PONTEFRACT,2025,843,107,8.6,4.5
PONTEFRACT,2026,828,87,8.9,4.9
PUNCHESTOWN,2025,1233,101,14.5,4.8
PUNCHESTOWN,2026,1329,107,15.0,6.1
REDCAR,2022,1039,102,11.3,5.2
REDCAR,2023,801,80,10.8,6.0
REDCAR,2024,843,85,10.7,5.0
REDCAR,2025,1198,131,9.9,5.6
REDCAR,2026,742,76,9.7,4.6
RIPON,2022,618,75,8.9,5.2
RIPON,2023,646,79,9.5,4.6
RIPON,2024,669,73,9.8,6.2
RIPON,2025,855,106,9.0,4.9
RIPON,2026,780,86,9.4,5.8
ROSCOMMON,2025,870,74,12.9,6.8
ROSCOMMON,2026,552,45,13.2,6.8
ROYAL ASCOT,2026,634,35,21.0,7.5
SALISBURY,2022,521,65,9.0,4.9
SALISBURY,2023,612,74,9.0,6.5
SALISBURY,2024,541,64,9.2,5.4
SALISBURY,2025,700,99,8.1,4.4
SALISBURY,2026,583,78,8.4,4.2
SANDOWN,2022,444,55,9.0,5.1
SANDOWN,2023,492,56,9.4,6.7
SANDOWN,2024,501,59,9.2,5.5
SANDOWN,2025,838,111,8.3,4.5
SANDOWN,2026,987,97,9.7,5.3
SEDGEFIELD,2025,422,64,7.4,4.1
SEDGEFIELD,2026,280,42,7.4,4.8
SLIGO,2025,645,63,11.3,5.8
SLIGO,2026,619,50,12.8,7.6
SOUTHWELL,2022,2726,273,10.6,5.7
SOUTHWELL,2023,2653,266,10.6,6.3
SOUTHWELL,2024,3463,360,10.2,5.7
SOUTHWELL,2025,4789,524,9.9,6.0
SOUTHWELL,2026,3564,401,9.5,5.1
STRATFORD,2025,608,87,8.0,3.5
STRATFORD,2026,528,79,7.7,4.2
TAUNTON,2025,200,21,10.4,4.8
TAUNTON,2026,494,60,8.9,3.8
THIRSK,2022,1006,92,12.0,6.6
THIRSK,2023,1009,99,11.0,5.9
THIRSK,2024,1051,102,11.3,6.5
THIRSK,2025,1035,109,10.4,5.6
THIRSK,2026,925,91,11.3,7.0
THURLES,2025,541,45,13.3,5.5
THURLES,2026,389,35,12.7,5.6
TIPPERARY,2025,797,72,12.4,5.3
TRAMORE,2025,582,63,10.1,5.2
TRAMORE,2026,739,71,11.3,5.3
UTTOXETER,2025,1177,141,9.5,4.6
UTTOXETER,2026,804,93,9.4,5.2
WARWICK,2025,477,71,7.8,4.3
WARWICK,2026,555,75,8.2,4.4
WETHERBY,2022,146,16,10.5,5.3
WETHERBY,2023,198,22,9.4,5.5
WETHERBY,2024,158,16,10.6,4.8
WETHERBY,2025,577,73,9.0,4.2
WETHERBY,2026,431,50,9.7,5.2
WEXFORD,2025,835,75,12.1,5.9
WEXFORD,2026,870,81,11.7,7.2
WINCANTON,2025,278,34,9.4,4.3
WINCANTON,2026,485,59,9.7,4.8
WINDSOR,2022,1125,122,10.2,4.7
WINDSOR,2023,1113,121,10.0,6.0
WINDSOR,2024,1105,116,10.3,5.1
WINDSOR,2025,1553,175,9.8,5.4
WINDSOR,2026,1384,154,9.9,4.8
WOLVERHAMPTON,2022,2933,321,9.6,5.3
WOLVERHAMPTON,2023,3138,333,9.8,5.6
WOLVERHAMPTON,2024,2996,330,9.5,5.9
WOLVERHAMPTON,2025,4674,523,9.5,5.3
WOLVERHAMPTON,2026,3732,429,9.0,4.9
WORCESTER,2025,1169,132,9.6,5.8
WORCESTER,2026,675,80,9.1,5.2
YARMOUTH,2022,946,121,8.9,4.5
YARMOUTH,2023,923,108,9.2,6.1
YARMOUTH,2024,1048,118,9.6,5.4
YARMOUTH,2025,1279,157,8.9,5.3
YARMOUTH,2026,926,122,7.8,4.6
YORK,2022,1051,81,14.6,7.3
YORK,2023,1028,82,14.4,8.9
YORK,2024,1054,76,15.3,8.4
YORK,2025,1619,129,14.7,7.6
YORK,2026,1477,104,15.2,6.2
